TagName,Count
"javascript","2510972"
"python","2162008"
"java","1906089"
"c#","1601398"
"php","1461764"
"android","1409497"
"html","1180250"
"jquery","1034484"
"c++","798869"
"css","797792"
"ios","683185"
"sql","665031"
"mysql","661202"
"r","496613"
"node.js","466830"
"reactjs","465710"
"arrays","414766"
"c","399079"
"asp.net","373735"
"json","357960"
"python-3.x","341062"
"ruby-on-rails","337315"
".net","333813"
"sql-server","331896"
"swift","329921"
"django","309060"
"angular","299281"
"objective-c","292452"
"pandas","282843"
"excel","281899"
"angularjs","262787"
"regex","258926"
"ruby","228397"
"linux","226061"
"ajax","221904"
"typescript","221613"
"iphone","221329"
"xml","213775"
"vba","211298"
"spring","208702"
"laravel","208084"
"asp.net-mvc","200910"
"database","193843"
"wordpress","191625"
"string","183393"
"mongodb","174599"
"postgresql","171962"
"wpf","168897"
"flutter","168087"
"windows","166791"
"xcode","158769"
"amazon-web-services","154810"
"bash","154003"
"git","150148"
"oracle","149755"
"dataframe","143674"
"spring-boot","143171"
"firebase","141487"
"list","140640"
"vb.net","139808"
"multithreading","139166"
"azure","134275"
"react-native","133828"
"docker","133164"
"eclipse","124735"
"algorithm","119388"
"macos","116456"
"powershell","114499"
"visual-studio","113889"
"image","113505"
"forms","113270"
"numpy","112481"
"scala","111781"
"function","110371"
"api","107148"
"vue.js","105350"
"twitter-bootstrap","102997"
"selenium","101720"
"performance","101189"
"winforms","98358"
"loops","95843"
"python-2.7","95376"
"matlab","94593"
"hibernate","94278"
"express","94248"
"sqlite","94030"
"rest","92665"
"apache","92396"
"shell","91989"
"entity-framework","91477"
"kotlin","91039"
"dart","90488"
"android-studio","90012"
"csv","89606"
"maven","87627"
"linq","86142"
"facebook","85660"
"qt","85593"
"dictionary","85558"
"unit-testing","84762"
"tensorflow","82364"
"file","81192"
"apache-spark","81095"
"swing","81029"
"class","79352"
"asp.net-core","79059"
"sorting","76323"
"date","76185"
"unity-game-engine","75302"
"authentication","74922"
"symfony","73565"
".htaccess","72915"
"opencv","72729"
"tsql","72684"
"google-chrome","71967"
"for-loop","71492"
"matplotlib","71303"
"go","70688"
"datetime","70365"
"codeigniter","69561"
"http","67879"
"perl","67820"
"validation","67160"
"sockets","66255"
"google-maps","65879"
"object","64898"
"uitableview","64456"
"xaml","61979"
"oop","61861"
"if-statement","61703"
"cordova","61605"
"ubuntu","60820"
"web-services","60164"
"email","59268"
"android-layout","59114"
"spring-mvc","58288"
"elasticsearch","58010"
"kubernetes","57333"
"ms-access","57313"
"parsing","57220"
"user-interface","56892"
"github","56809"
"c++11","56486"
"visual-studio-code","56460"
"security","56174"
"pointers","56155"
"ruby-on-rails-3","56082"
"machine-learning","55241"
"nginx","54687"
"ggplot2","54496"
"selenium-webdriver","54467"
"templates","54454"
"flask","54068"
"variables","53839"
"sql-server-2008","53837"
"batch-file","53766"
"exception","53429"
"google-apps-script","53079"
"google-sheets","52687"
"listview","52603"
"jsp","52210"
"debugging","51830"
"jpa","51422"
"delphi","51211"
"tkinter","51180"
"gradle","51043"
"asynchronous","50995"
"pdf","50972"
"haskell","50851"
"wcf","50818"
"ssl","50662"
"xamarin","50490"
"jenkins","50386"
"amazon-s3","49879"
"testing","49776"
"web-scraping","49536"
"npm","49337"
"generics","49056"
"ionic-framework","48463"
"web","47790"
"unix","47509"
"google-cloud-platform","47450"
"google-app-engine","46961"
"visual-studio-2010","46748"
"recursion","46639"
"mongoose","46587"
"android-fragments","45668"
"session","44567"
"animation","44523"
"hadoop","44316"
".net-core","43877"
"curl","43780"
"heroku","43716"
"math","43708"
"laravel-5","43708"
"url","43477"
"svg","43459"
"django-models","43372"
"join","43295"
"assembly","43242"
"tomcat","43039"
"intellij-idea","42912"
"webpack","42504"
"redirect","42493"
"asp.net-mvc-4","42411"
"inheritance","42250"
"keras","42247"
"winapi","42239"
"image-processing","41963"
"google-cloud-firestore","41623"
"dom","41378"
"actionscript-3","41246"
"logging","41059"
"gcc","40905"
"matrix","40841"
"post","40747"
"button","40417"
"firebase-realtime-database","40037"
"jquery-ui","39788"
"cocoa","39610"
"d3.js","39257"
"internet-explorer","39115"
"xpath","39115"
"pyspark","39058"
"iis","38900"
"optimization","38871"
"firefox","38740"
"rust","38522"
"asp.net-mvc-3","38473"
"select","38465"
"networking","38405"
"xslt","38236"
"javafx","38047"
"opengl","37973"
"caching","37958"
"events","37891"
"magento","37819"
"asp.net-web-api","37671"
"plot","37452"
"search","37207"
"encryption","36876"
"stored-procedures","36817"
"ruby-on-rails-4","36770"
"amazon-ec2","36510"
"dplyr","36044"
"audio","35990"
"canvas","35912"
"memory","35878"
"jsf","35737"
"swiftui","35593"
"redux","35457"
"multidimensional-array","35247"
"random","35221"
"flash","35017"
"vector","35006"
"next.js","35004"
"facebook-graph-api","34984"
"input","34931"
"cookies","34843"
"ipad","34728"
"cocoa-touch","34585"
"arraylist","34508"
"xamarin.forms","34439"
"video","34049"
"indexing","33955"
"model-view-controller","33635"
"data-structures","33477"
"servlets","33264"
"serialization","33160"
"jdbc","33118"
"mod-rewrite","33051"
"razor","33007"
"routes","32975"
"woocommerce","32907"
"awk","32722"
"iframe","32625"
"beautifulsoup","32305"
"filter","32012"
"design-patterns","31951"
"apache-kafka","31865"
"text","31743"
"cakephp","31696"
"visual-c++","31430"
"django-rest-framework","31358"
"android-intent","30913"
"aws-lambda","30649"
"mobile","30536"
"docker-compose","30464"
"excel-formula","30321"
"methods","30291"
"struct","30239"
"azure-devops","30055"
"ssh","29979"
"mvvm","29966"
"react-hooks","29937"
"ecmascript-6","29895"
"groovy","29887"
"grails","29868"
"checkbox","29830"
"lambda","29774"
"time","29686"
"jakarta-ee","29439"
"installation","29354"
"google-chrome-extension","29271"
"android-recyclerview","29237"
"meteor","29096"
"sharepoint","29091"
"core-data","29072"
"android-activity","28992"
"bootstrap-4","28801"
"graph","28721"
"activerecord","28653"
"sed","28570"
"plsql","28559"
"types","28480"
"shiny","28422"
"spring-security","28335"
"file-upload","28071"
"scikit-learn","28024"
"vim","27998"
"websocket","27923"
"replace","27903"
"junit","27795"
"soap","27664"
"boost","27545"
"group-by","27499"
"cmake","27471"
"deep-learning","27406"
"memory-management","27281"
"import","27281"
"sass","27250"
"silverlight","27234"
"dynamic","27209"
"eloquent","26966"
"error-handling","26959"
"gridview","26809"
"layout","26721"
"svn","26703"
"async-await","26583"
"browser","26553"
"apache-spark-sql","26508"
"charts","26456"
"cmd","26386"
"vuejs2","26324"
"dependency-injection","26300"
"while-loop","26278"
"ffmpeg","26084"
"view","25981"
"deployment","25961"
"dll","25858"
"c#-4.0","25854"
"highcharts","25763"
"foreach","25613"
"plugins","25574"
"reporting-services","25475"
"twitter","25293"
"google-bigquery","25130"
"makefile","25125"
"server","25074"
"google-maps-api-3","25067"
"https","25003"
"mysqli","24962"
"redis","24955"
"merge","24925"
"unicode","24916"
"reflection","24902"
"extjs","24873"
"jupyter-notebook","24660"
"axios","24271"
"split","24261"
"encoding","24174"
"netbeans","24163"
"terminal","24127"
"django-views","24045"
"database-design","23982"
"ember.js","23976"
"collections","23956"
"apache-flex","23926"
"pdo","23916"
"hash","23903"
"oauth-2.0","23805"
"data-binding","23688"
"tcp","23633"
"automation","23535"
"command-line","23435"
"react-redux","23349"
"pip","23287"
"printing","23212"
"build","23199"
"service","23127"
"ansible","23075"
"java-8","23031"
"sqlalchemy","22992"
"visual-studio-2012","22960"
"html-table","22957"
"jestjs","22701"
"neo4j","22696"
"parameters","22681"
"pytorch","22623"
"jquery-mobile","22598"
"module","22551"
"concurrency","22520"
"promise","22514"
"webview","22469"
"web-applications","22465"
"spring-data-jpa","22458"
"lua","22266"
"uwp","22264"
"enums","22254"
"datatable","22197"
"utf-8","22178"
"material-ui","22107"
"outlook","22017"
"flexbox","21882"
"drop-down-menu","21877"
"hive","21846"
"tfs","21756"
"python-requests","21751"
"scroll","21707"
"firebase-authentication","21673"
"colors","21650"
"twitter-bootstrap-3","21474"
"count","21460"
"syntax","21432"
"parallel-processing","21345"
"google-analytics","21301"
"entity-framework-core","21229"
"ssis","21143"
"scipy","21123"
"file-io","21104"
"paypal","20989"
"fonts","20971"
"ms-word","20967"
"constructor","20916"
"gwt","20828"
"graphql","20808"
"three.js","20803"
"socket.io","20688"
"datatables","20644"
"backbone.js","20627"
"cassandra","20596"
"rxjs","20563"
"solr","20557"
"graphics","20510"
"discord","20501"
"url-rewriting","20479"
"zend-framework","20405"
"drupal","20355"
"datagridview","20349"
"oracle11g","20282"
"knockout.js","20270"
"compiler-errors","20222"
"nlp","20185"
"react-router","20178"
"memory-leaks","20175"
"oauth","20112"
"django-forms","20047"
"neural-network","19989"
"interface","19932"
"casting","19752"
"linked-list","19730"
"google-api","19708"
"triggers","19684"
"parse-platform","19680"
"windows-phone-7","19662"
"proxy","19642"
"visual-studio-2015","19634"
"timer","19566"
"directory","19503"
"django-templates","19491"
"pygame","19430"
"cron","19423"
"path","19410"
"orm","19303"
"primefaces","19281"
"angular-material","19273"
"arduino","19255"
"push-notification","19151"
"conditional-statements","19093"
"jmeter","19057"
"model","18996"
"functional-programming","18902"
"jar","18886"
"visual-studio-2013","18770"
"xamarin.android","18757"
"vbscript","18718"
"uiview","18705"
"hyperlink","18617"
"powerbi","18477"
"swift3","18453"
"download","18430"
"sql-server-2005","18391"
"windows-phone-8","18215"
"rspec","18192"
"process","18168"
"properties","18121"
"terraform","18121"
"callback","18062"
"combobox","18062"
"configuration","18012"
"scrapy","17743"
"safari","17726"
"emacs","17686"
"pagination","17657"
"scripting","17656"
"gitlab","17630"
"clojure","17607"
"permissions","17586"
"google-cloud-functions","17585"
"angularjs-directive","17531"
"scope","17524"
"nhibernate","17517"
"raspberry-pi","17501"
"io","17482"
"azure-active-directory","17474"
"request","17442"
"linux-kernel","17371"
"jwt","17340"
"responsive-design","17320"
"mongodb-query","17312"
"playframework","17266"
"compilation","17181"
"doctrine-orm","17177"
"binding","17170"
"bluetooth","17156"
"dns","17147"
"get","17143"
"version-control","17112"
"3d","17108"
"architecture","17088"
"reference","17086"
"discord.js","17081"
"sql-server-2012","17074"
"pyqt","16996"
"x86","16952"
"rubygems","16886"
"f#","16860"
"package","16844"
"kendo-ui","16785"
"yii","16776"
"autocomplete","16719"
"datepicker","16716"
"pycharm","16686"
"tree","16659"
"controller","16598"
"xamarin.ios","16577"
"grep","16456"
"phpmyadmin","16409"
"jackson","16401"
"nested","16389"
"openssl","16384"
"static","16364"
"statistics","16319"
"uiviewcontroller","16290"
"datagrid","16230"
"null","16208"
"active-directory","16153"
"webforms","16100"
"transactions","16096"
"notifications","15974"
"youtube","15964"
"nullpointerexception","15961"
"menu","15814"
"duplicates","15777"
"jsf-2","15731"
"stream","15725"
"bitmap","15713"
"discord.py","15695"
"visual-studio-2008","15670"
"asp.net-mvc-5","15661"
"sas","15658"
"mocking","15654"
"android-listview","15569"
"computer-vision","15559"
"yii2","15456"
"ant","15413"
"stl","15390"
"sum","15351"
"azure-functions","15299"
"yaml","15259"
"css-selectors","15251"
"hashmap","15203"
"dockerfile","15194"
"time-series","15192"
"jboss","15135"
"character-encoding","15132"
"electron","15116"
"joomla","15106"
"devise","15025"
"floating-point","15006"
"sdk","14941"
"msbuild","14915"
"cryptography","14876"
"background","14810"
"linq-to-sql","14803"
"anaconda","14777"
"frontend","14756"
"google-drive-api","14746"
"expo","14725"
"binary","14710"
"camera","14695"
"ios7","14691"
"navigation","14678"
"pyqt5","14659"
"onclick","14616"
"android-asynctask","14544"
"iterator","14461"
"laravel-4","14441"
"selenium-chromedriver","14388"
"multiprocessing","14352"
"insert","14336"
"uicollectionview","14313"
"tabs","14311"
"cuda","14278"
"asp.net-core-mvc","14278"
"rabbitmq","14241"
"ftp","14199"
"upload","14140"
"textview","14126"
"coldfusion","14100"
"xsd","14065"
"opengl-es","14058"
"console","14034"
"linker","13907"
"mariadb","13893"
"plotly","13887"
"leaflet","13879"
"xml-parsing","13856"
"amazon-dynamodb","13785"
"continuous-integration","13768"
"operating-system","13710"
"localization","13710"
"environment-variables","13704"
"kivy","13657"
"cors","13656"
"calendar","13650"
"formatting","13625"
"json.net","13615"
"timestamp","13570"
"mockito","13548"
"android-ndk","13539"
"header","13526"
"type-conversion","13523"
"macros","13505"
"data.table","13453"
"integer","13448"
"prolog","13358"
"segmentation-fault","13352"
"drag-and-drop","13309"
"jasmine","13306"
"char","13281"
"crash","13257"
"sprite-kit","13201"
"itext","13154"
"automated-tests","13134"
"nosql","13110"
"jquery-plugins","13086"
"flutter-layout","13064"
"attributes","13044"
"annotations","13026"
"microsoft-graph-api","13005"
"mfc","13003"
"geometry","12992"
"android-gradle-plugin","12908"
"format","12907"
"fortran","12868"
"dependencies","12826"
"event-handling","12746"
"visual-studio-2017","12688"
"db2","12687"
"gulp","12677"
"textbox","12672"
"keyboard","12648"
"libgdx","12609"
"xampp","12601"
"jenkins-pipeline","12587"
"firebase-cloud-messaging","12555"
"crystal-reports","12505"
"uiscrollview","12500"
"centos","12486"
"odoo","12483"
"dom-events","12471"
"synchronization","12446"
"geolocation","12397"
"sequelize.js","12347"
"namespaces","12341"
"postman","12313"
"android-emulator","12292"
"aggregation-framework","12273"
"arm","12252"
"timezone","12251"
"julia","12250"
"webdriver","12238"
"com","12235"
"blazor","12229"
"wso2","12223"
"windows-10","12165"
"jvm","12159"
"subprocess","12158"
"mapreduce","12151"
"chart.js","12144"
"ionic2","12143"
"dialog","12143"
"html5-canvas","12139"
"numbers","12117"
"nuxt.js","12116"
"android-edittext","12098"
"garbage-collection","12065"
"xmlhttprequest","12041"
"concatenation","12037"
"widget","12030"
"set","12019"
"rotation","12013"
"sql-update","12009"
"swagger","11997"
"lucene","11993"
"modal-dialog","11991"
"radio-button","11983"
"smtp","11945"
"tuples","11941"
"doctrine","11930"
"grid","11913"
"spring-data","11873"
"http-headers","11828"
"sonarqube","11817"
"uikit","11807"
"nestjs","11803"
"listbox","11799"
"ios5","11775"
"qml","11756"
"switch-statement","11704"
"boolean","11685"
"frameworks","11676"
"components","11658"
"internationalization","11657"
"initialization","11649"
"apache-camel","11646"
"eclipse-plugin","11636"
"ldap","11627"
"azure-web-app-service","11621"
"compiler-construction","11618"
"nuget","11613"
"return","11609"
"serial-port","11590"
"google-play","11588"
"vuejs3","11570"
"stripe-payments","11539"
"tags","11494"
"java-stream","11473"
"asp-classic","11473"
"youtube-api","11465"
"dataset","11414"
"uinavigationcontroller","11391"
"struts2","11368"
"azure-pipelines","11344"
"pivot","11340"
"protractor","11334"
"gdb","11325"
"delegates","11320"
"sql-server-2008-r2","11320"
"subquery","11317"
"network-programming","11298"
"foreign-keys","11290"
"label","11279"
"copy","11278"
"uibutton","11252"
"containers","11206"
"fetch","11193"
"find","11183"
"base64","11149"
"latex","11140"
"append","11138"
"google-sheets-formula","11122"
"queue","11098"
"jaxb","11092"
"arguments","11091"
"composer-php","11065"
"autolayout","11052"
"zip","11022"
"migration","11009"
"windows-7","11007"
"cucumber","10965"
"entity-framework-6","10953"
"popup","10952"
"ide","10900"
"stack","10896"
"jqgrid","10872"
"google-cloud-storage","10807"
"android-viewpager","10802"
"vb6","10799"
"iteration","10795"
"passwords","10717"
"uiwebview","10713"
"snowflake-cloud-data-platform","10701"
"hover","10690"
"command","10688"
"c++17","10680"
"ios4","10676"
"udp","10654"
"gmail","10636"
"uiimageview","10625"
"twig","10606"
"conv-neural-network","10589"
"ssl-certificate","10580"
"range","10562"
"embedded","10540"
"vue-component","10523"
"r-markdown","10493"
"salesforce","10458"
"g++","10452"
"jersey","10403"
"angular-ui-router","10400"
"ionic3","10389"
"bots","10368"
"local-storage","10348"
"authorization","10330"
"windows-8","10290"
"constants","10286"
"user-controls","10278"
"gps","10257"
"connection","10252"
"wix","10232"
"twilio","10218"
"compare","10212"
"debian","10202"
"cocos2d-iphone","10198"
"polymorphism","10189"
"django-admin","10185"
"slider","10174"
"localhost","10147"
"android-jetpack-compose","10142"
"clang","10121"
"airflow","10104"
"ado.net","10075"
"time-complexity","10064"
"save","10023"
"admob","10017"
"mono","10001"
"phpunit","9985"
"jframe","9961"
"certificate","9943"
"sbt","9905"
"python-imaging-library","9873"
"imageview","9865"
"pytest","9822"
"pipe","9809"
"output","9797"
"drupal-7","9777"
"gson","9768"
"cypher","9748"
"coffeescript","9747"
"fullcalendar","9743"
"include","9740"
"tidyverse","9739"
"mapping","9739"
"cypress","9737"
"apache-poi","9727"
"java-native-interface","9715"
"timeout","9712"
"google-oauth","9703"
"babeljs","9692"
"web-crawler","9683"
"int","9665"
"location","9647"
"hex","9640"
"runtime-error","9625"
"erlang","9600"
"export","9586"
"azure-sql-database","9584"
"log4j","9578"
"filesystems","9576"
"icons","9567"
"substring","9558"
"regression","9532"
"observable","9527"
"iis-7","9490"
"elixir","9482"
"odbc","9481"
"jinja2","9474"
"syntax-error","9465"
"storyboard","9464"
"window","9460"
"key","9456"
"seaborn","9450"
"maps","9449"
"telerik","9444"
"treeview","9439"
"typo3","9426"
"printf","9422"
"ruby-on-rails-5","9415"
"click","9400"
"signalr","9391"
"command-line-interface","9389"
"github-actions","9387"
"cocoapods","9372"
"realm","9370"
"logic","9357"
"kernel","9344"
"bluetooth-lowenergy","9339"
"wordpress-theming","9328"
"thread-safety","9311"
"resources","9303"
"ip","9300"
"ios8","9298"
"wsdl","9291"
"ckeditor","9282"
"botframework","9280"
"cloud","9258"
"amazon-elastic-beanstalk","9253"
"in-app-purchase","9247"
"dojo","9244"
"uiimage","9237"
"position","9210"
"thymeleaf","9206"
"resize","9197"
"imagemagick","9193"
"compression","9175"
"malloc","9145"
"actionscript","9141"
"styles","9132"
"state","9107"
"repository","9104"
"data-science","9099"
"gruntjs","9083"
"angularjs-ng-repeat","9074"
"where-clause","9069"
"cross-browser","9067"
"microservices","9062"
"build.gradle","9056"
"jquery-selectors","9007"
"google-visualization","8985"
"max","8982"
"windows-services","8974"
"jsx","8973"
"celery","8962"
"pattern-matching","8954"
"webrtc","8953"
"angularjs-scope","8949"
"escaping","8924"
"closures","8908"
"android-actionbar","8891"
"swift2","8879"
"pthreads","8869"
"vuetify.js","8866"
"asp.net-identity","8860"
"gpu","8854"
"windows-installer","8835"
".net-4.0","8834"
"office365","8833"
"global-variables","8810"
"constraints","8809"
"locking","8782"
"pandas-groupby","8780"
"applescript","8740"
"google-chrome-devtools","8740"
"try-catch","8733"
"qt5","8717"
"shopify","8715"
"http-post","8699"
"windows-runtime","8697"
"ios6","8692"
"many-to-many","8687"
"zend-framework2","8670"
"markdown","8667"
"web-config","8663"
"match","8645"
"alignment","8627"
"logstash","8605"
"video-streaming","8577"
"retrofit","8574"
"vagrant","8556"
"singleton","8550"
"material-design","8542"
"mocha.js","8538"
"amazon-redshift","8534"
"ef-code-first","8514"
"jtable","8514"
"uitextfield","8508"
"azure-blob-storage","8499"
"sh","8493"
"artificial-intelligence","8491"
"testng","8489"
"internet-explorer-8","8489"
"dax","8483"
"sharepoint-2010","8481"
"task","8481"
"c++14","8473"
"gtk","8468"
"jasper-reports","8464"
"operator-overloading","8452"
"asp.net-core-webapi","8449"
"asp.net-mvc-2","8449"
"azure-data-factory","8447"
"backend","8432"
"react-navigation","8419"
"controls","8394"
"blackberry","8384"
"bitbucket","8373"
"broadcastreceiver","8368"
"spring-batch","8349"
"language-agnostic","8332"
"double","8301"
"hdfs","8294"
"polymer","8272"
"tinymce","8256"
"aggregate","8256"
"android-sqlite","8244"
"virtual-machine","8242"
"mercurial","8242"
"gitlab-ci","8228"
"client","8222"
"webserver","8218"
"left-join","8172"
"akka","8162"
"fragment","8161"
"bar-chart","8160"
"aws-cloudformation","8147"
"themes","8130"
"comparison","8118"
"scheme","8110"
"out-of-memory","8109"
"momentjs","8106"
"pivot-table","8105"
"overriding","8096"
"case","8090"
"app-store","8054"
"tailwind-css","8046"
"parameter-passing","8028"
"glsl","8020"
"apple-push-notifications","8015"
"usb","7960"
"media-queries","7959"
"mule","7956"
"deserialization","7954"
"apache2","7951"
"refactoring","7934"
"html5-video","7933"
"tableview","7929"
"conda","7926"
"bigdata","7919"
"devops","7915"
"full-text-search","7909"
"shared-libraries","7905"
"jupyter","7885"
"tcl","7879"
"cygwin","7878"
"rstudio","7871"
"angular6","7869"
"spring-integration","7860"
"classification","7859"
"language-lawyer","7856"
"seo","7850"
"bit-manipulation","7844"
"dynamics-crm","7813"
"accessibility","7805"
"coding-style","7804"
"runtime","7799"
"air","7796"
"apk","7795"
"httprequest","7773"
"operators","7764"
"character","7762"
"vuex","7756"
"appium","7754"
"puppeteer","7753"
"query-optimization","7749"
"byte","7742"
"row","7733"
"requirejs","7726"
"bootstrap-modal","7716"
"google-colaboratory","7716"
"glassfish","7713"
"asp.net-web-api2","7708"
"windows-phone-8.1","7701"
"rss","7700"
"sharedpreferences","7696"
"jax-rs","7676"
"aws-api-gateway","7665"
"handlebars.js","7662"
"visual-studio-2019","7653"
"typeerror","7639"
"protocol-buffers","7638"
"blob","7634"
"adb","7629"
"boto3","7627"
"sql-order-by","7618"
"phantomjs","7617"
"sms","7611"
"openshift","7609"
"expression","7598"
"token","7573"
"odata","7563"
"progress-bar","7560"
"single-sign-on","7557"
"jpanel","7557"
"retrofit2","7553"
"schema","7547"
"filtering","7542"
"decimal","7532"
"jms","7531"
"ocaml","7516"
"oracle-sqldeveloper","7503"
"2d","7489"
"css-animations","7488"
"ssms","7484"
"kendo-grid","7482"
"report","7476"
"data-visualization","7470"
"applet","7462"
"android-webview","7462"
"apache-flink","7452"
"phpstorm","7435"
"pdf-generation","7433"
"keycloak","7431"
"nunit","7425"
"webkit","7404"
"azure-cosmosdb","7404"
"entity-framework-4","7399"
"virtualenv","7398"
"laravel-8","7392"
"firefox-addon","7386"
"scanf","7386"
"grouping","7381"
"react-router-dom","7372"
"registry","7354"
"angular-cli","7329"
"signals","7326"
"xna","7309"
"streaming","7307"
"less","7295"
"google-cloud-messaging","7283"
"nativescript","7280"
"focus","7243"
"console-application","7241"
"wxpython","7221"
"python-asyncio","7214"
"google-play-services","7207"
"scheduled-tasks","7207"
"content-management-system","7198"
"devexpress","7192"
"google-cloud-datastore","7191"
"tooltip","7186"
"jenkins-plugins","7181"
"ipython","7180"
"aes","7171"
"load","7165"
"laravel-blade","7162"
"jetty","7156"
"database-connection","7147"
"amazon-cognito","7147"
"javascript-objects","7142"
"nltk","7139"
"databricks","7135"
"nsstring","7124"
"oracle10g","7104"
"size","7091"
"google-calendar-api","7083"
"uilabel","7081"
"firebase-storage","7078"
"notepad++","7078"
"websphere","7074"
"list-comprehension","7071"
"powerpoint","7041"
"mysql-workbench","7036"
"buffer","7035"
"flask-sqlalchemy","7021"
"httpclient","6985"
"ruby-on-rails-3.2","6982"
"windows-store-apps","6979"
"cursor","6975"
"playframework-2.0","6972"
"integration-testing","6972"
"passport.js","6968"
"mpi","6963"
"hbase","6961"
"rx-java","6958"
"lodash","6953"
"sapui5","6950"
"scrollview","6948"
"ascii","6938"
"shader","6931"
"lisp","6922"
"uml","6907"
"homebrew","6877"
"extract","6876"
"linq-to-entities","6860"
"overloading","6857"
"http-status-code-404","6856"
"rsa","6847"
"processing","6836"
"rendering","6826"
"x86-64","6825"
"undefined","6824"
"pymongo","6819"
"vaadin","6816"
"ibm-cloud","6810"
"subset","6799"
"relational-database","6790"
"windows-phone","6786"
"android-room","6786"
"jsoup","6785"
"django-queryset","6784"
"big-o","6779"
"jquery-validate","6769"
"storage","6765"
"android-volley","6757"
"google-kubernetes-engine","6757"
"ethereum","6757"
"coordinates","6754"
"amazon-rds","6750"
"robotframework","6747"
"binary-tree","6746"
"png","6735"
"port","6733"
"xhtml","6730"
"domain-driven-design","6728"
"mingw","6728"
"text-files","6722"
"version","6717"
"blockchain","6711"
"google-compute-engine","6707"
"webgl","6702"
"gnuplot","6701"
"android-service","6696"
"ejb","6693"
"histogram","6663"
"oracle-apex","6653"
"inner-join","6652"
"solidity","6642"
"eslint","6637"
"pine-script","6637"
"node-modules","6621"
"fork","6613"
"prometheus","6591"
"sails.js","6583"
"vsto","6576"
"vectorization","6576"
"karma-jasmine","6563"
"structure","6561"
"gis","6555"
"awt","6550"
"heap-memory","6547"
"automapper","6547"
"angular5","6545"
"uitabbarcontroller","6522"
"linear-regression","6517"
"android-camera","6513"
"wildfly","6512"
"flutter-dependencies","6510"
"client-server","6508"
"chef-infra","6507"
"mapbox","6499"
"liferay","6475"
"visualization","6471"
"sitecore","6468"
"openmp","6462"
"pyinstaller","6448"
"java.util.scanner","6446"
"ejs","6440"
"entity","6421"
"scrollbar","6412"
"azure-storage","6408"
"avfoundation","6407"
"generator","6407"
"jq","6401"
"llvm","6394"
"dropdown","6384"
"pug","6377"
"textarea","6376"
"cross-domain","6367"
"kibana","6349"
"metadata","6332"
"combinations","6331"
"sublimetext3","6319"
"binary-search-tree","6319"
"touch","6318"
"grpc","6316"
"this","6292"
"lstm","6289"
"element","6275"
"comments","6274"
"line","6255"
"css-position","6247"
"cluster-analysis","6244"
"nodes","6243"
"interface-builder","6236"
"overflow","6236"
"jekyll","6232"
"css-transitions","6226"
"mouseevent","6218"
"carousel","6217"
"aws-sdk","6213"
"height","6209"
"uinavigationbar","6208"
"slice","6208"
"mqtt","6207"
"hyperledger-fabric","6206"
"osgi","6201"
"common-lisp","6194"
"prepared-statement","6193"
"task-parallel-library","6189"
"editor","6172"
"excel-2010","6168"
"jquery-animate","6162"
"c++-cli","6162"
"ssrs-2008","6153"
"formula","6145"
"instagram","6143"
"uri","6139"
"tdd","6135"
"associations","6131"
"couchdb","6131"
"ocr","6124"
"xcode6","6121"
"config","6120"
"swt","6100"
"teamcity","6095"
"64-bit","6082"
"adobe","6079"
"vue-router","6076"
"sparql","6076"
"unique","6072"
"google-sheets-api","6071"
"ibm-mobilefirst","6070"
"alamofire","6065"
"gzip","6057"
"app-store-connect","6051"
"spring-webflux","6050"
"width","6050"
"navbar","6050"
"weblogic","6049"
"zooming","6043"
"kubernetes-helm","6042"
"ms-access-2010","6039"
"verilog","6035"
"xslt-1.0","6016"
"cross-platform","6015"
"background-image","6010"
"networkx","6006"
"android-manifest","6006"
"profiling","5996"
"docusignapi","5986"
"ios-simulator","5974"
"posix","5973"
"html-parsing","5960"
"sequence","5959"
"html-lists","5957"
"css-grid","5955"
"zsh","5953"
"css-float","5944"
"driver","5942"
"xmpp","5941"
".net-3.5","5938"
"wifi","5934"
"toggle","5926"
"jira","5925"
"transform","5924"
"drawing","5923"
"apply","5923"
"javafx-8","5923"
"response","5919"
"lazy-loading","5918"
"capybara","5916"
"exec","5914"
"telegram","5905"
"field","5904"
"ms-office","5901"
"gatsby","5897"
"create-react-app","5893"
"textures","5888"
"activemq","5880"
"mapkit","5877"
"multiple-columns","5872"
"python-import","5867"
"directx","5860"
"preg-replace","5858"
"border","5856"
"prestashop","5849"
"chat","5837"
"etl","5837"
"c-preprocessor","5830"
"warnings","5829"
"signal-processing","5814"
"racket","5811"
"mips","5808"
"uitextview","5806"
"navigation-drawer","5793"
"average","5780"
"aggregate-functions","5778"
"java-me","5775"
"backup","5770"
"subdomain","5761"
"tensorflow2.0","5755"
"underscore.js","5750"
"vhdl","5748"
"echo","5742"
"interop","5732"
"moq","5720"
"android-widget","5711"
"hook","5710"
"bootstrap-5","5709"
"opencl","5705"
"maven-2","5702"
"hosting","5701"
"converters","5697"
"wpf-controls","5697"
"android-alertdialog","5697"
"swift4","5684"
"virtualbox","5682"
"fastapi","5670"
"reactive-programming","5669"
"ssas","5658"
"python-3.6","5657"
"listener","5640"
"pyqt4","5631"
"addition","5629"
"powerquery","5627"
"win-universal-app","5610"
"sympy","5602"
"ionic4","5597"
"cordova-plugins","5596"
"dynamic-programming","5596"
"protocols","5592"
"android-animation","5590"
"eclipse-rcp","5588"
"httpwebrequest","5585"
"extjs4","5584"
"user-input","5580"
"font-awesome","5577"
"azure-ad-b2c","5577"
"relationship","5577"
"internet-explorer-11","5566"
"spark-streaming","5565"
"jquery-select2","5563"
"grafana","5538"
"phpmailer","5538"
"teradata","5537"
"fetch-api","5530"
"dialogflow-es","5530"
"cluster-computing","5527"
".net-6.0","5513"
"wamp","5507"
"keyboard-shortcuts","5507"
"tomcat7","5502"
"jstl","5494"
"codeigniter-3","5490"
"office-js","5489"
"fluent-nhibernate","5486"
"rounding","5484"
"ember-data","5483"
"cxf","5478"
"progressive-web-apps","5456"
"push","5455"
"exe","5454"
"hashtable","5453"
"xpages","5449"
"pipeline","5444"
"tableau-api","5440"
"openpyxl","5440"
"bundle","5438"
"rename","5438"
"prototype","5424"
"amazon-iam","5421"
"lxml","5412"
"firebase-security","5411"
"xcode4","5408"
"branch","5403"
"webstorm","5400"
"settings","5394"
"instance","5388"
"speech-recognition","5380"
"identityserver4","5377"
"npm-install","5374"
"sinatra","5369"
"preg-match","5363"
"e-commerce","5356"
"nsarray","5346"
"workflow","5345"
"refresh","5342"
"cpanel","5342"
"titanium","5340"
"opencart","5340"
"xquery","5333"
"integration","5329"
"google-cloud-dataflow","5328"
"qt4","5315"
"nsmutablearray","5313"
"fft","5308"
"svelte","5308"
"code-coverage","5306"
"single-page-application","5306"
"openid-connect","5301"
"facebook-javascript-sdk","5298"
"knitr","5297"
"submit","5297"
"google-maps-markers","5294"
"settimeout","5293"
"asp.net-ajax","5281"
"linkedin-api","5277"
"ruby-on-rails-3.1","5270"
"performance-testing","5268"
"union","5266"
"parent-child","5263"
"counter","5262"
"abstract-class","5262"
"export-to-csv","5261"
"fancybox","5256"
"servicestack","5244"
"es6-promise","5243"
"transition","5240"
"permutation","5231"
"octave","5227"
"cython","5220"
"load-balancing","5217"
"angular7","5213"
"render","5211"
"locale","5203"
"pom.xml","5202"
"maven-3","5199"
"apache-pig","5199"
"jakarta-mail","5196"
"simulation","5194"
"cgi","5191"
"jquery-events","5186"
"memcached","5184"
"silverlight-4.0","5179"
"html-select","5157"
"interpolation","5155"
"spinner","5148"
"antd","5144"
"sftp","5135"
"zurb-foundation","5132"
"segue","5127"
"spyder","5119"
"reverse-proxy","5119"
"distinct","5114"
"apache-nifi","5112"
"magento2","5108"
"query-string","5108"
"stm32","5104"
"persistence","5099"
"cell","5093"
"newline","5080"
"microsoft-teams","5076"
"hql","5074"
"sql-insert","5071"
"amazon-ecs","5065"
"openlayers","5064"
"url-routing","5061"
"eclipselink","5055"
"spring-cloud","5046"
"nasm","5046"
"product","5039"
"responsive","5039"
"html-email","5038"
"adapter","5035"
"href","5033"
"linq-to-xml","5019"
"command-line-arguments","5018"
"special-characters","5011"
"aem","5008"
"google-places-api","4993"
"linux-device-driver","4991"
"legend","4990"
"mkmapview","4988"
"anchor","4984"
"std","4970"
"textfield","4965"
"netty","4961"
"ubuntu-16.04","4960"
"android-linearlayout","4954"
"h2","4948"
"google-signin","4946"
"action","4938"
"pickle","4936"
"decorator","4933"
"google-tag-manager","4927"
"jpeg","4926"
"qt-creator","4921"
"android-notifications","4920"
"jbutton","4918"
"embed","4912"
"alert","4910"
"resharper","4908"
"amazon-cloudfront","4907"
"telegram-bot","4905"
"analytics","4895"
"tortoisesvn","4894"
"sdl","4893"
"translation","4888"
"gstreamer","4881"
"eval","4877"
"user-defined-functions","4875"
"nested-loops","4870"
"github-pages","4865"
"hiveql","4862"
"ubuntu-14.04","4861"
"sharepoint-2013","4860"
"codenameone","4859"
"javafx-2","4858"
"c++20","4856"
"classpath","4839"
"jhipster","4838"
"nsdate","4836"
"viewmodel","4827"
"rails-activerecord","4823"
"microsoft-edge","4818"
"session-cookies","4816"
"ag-grid","4815"
"geospatial","4809"
"inno-setup","4809"
"overlay","4798"
"project","4797"
"exchange-server","4797"
"sprite","4792"
"android-mediaplayer","4792"
"aws-amplify","4787"
"angular2-routing","4785"
"screen","4773"
"core-graphics","4762"
"web-deployment","4762"
"python-multiprocessing","4758"
"webbrowser-control","4752"
"vite","4741"
"stdout","4740"
"datasource","4740"
"angular8","4737"
"hide","4735"
"sql-server-2014","4735"
"sencha-touch","4732"
"bokeh","4729"
"mongoid","4728"
"monitoring","4724"
"service-worker","4723"
"screenshot","4722"
"metaprogramming","4722"
"setinterval","4714"
"native","4712"
"augmented-reality","4711"
"netsuite","4709"
"typescript-typings","4709"
"return-value","4702"
"documentation","4700"
"xml-serialization","4687"
"typeorm","4681"
"categories","4679"
"system","4678"
"angular-reactive-forms","4678"
"multipartform-data","4677"
"threadpool","4676"
"apache-beam","4676"
"global","4669"
"cpu","4662"
"xslt-2.0","4654"
"centos7","4653"
"upgrade","4652"
"webhooks","4650"
"fabricjs","4646"
"angular-ui-bootstrap","4643"
"data-analysis","4642"
"mutex","4640"
"owin","4634"
"diff","4623"
"calculator","4616"
"csrf","4615"
"soapui","4614"
"wildcard","4611"
"customization","4611"
"laravel-5.1","4610"
"karma-runner","4608"
"crud","4608"
"alarmmanager","4606"
"mobile-safari","4594"
"styled-components","4586"
"boost-asio","4582"
"object-detection","4576"
"maui","4576"
"autohotkey","4574"
"connection-string","4571"
"stata","4571"
"svm","4561"
"real-time","4560"
"mp3","4559"
"admin","4554"
"postgis","4548"
"polygon","4546"
"message","4541"
"ipc","4538"
"plotly-dash","4538"
"apollo","4536"
"primary-key","4532"
"contextmenu","4530"
"advanced-custom-fields","4522"
"clone","4519"
"embedded-linux","4518"
"imap","4517"
"gunicorn","4511"
"scale","4504"
"smarty","4490"
"pass-by-reference","4485"
"static-libraries","4482"
"cakephp-3.0","4481"
"xss","4479"
"precision","4478"
"cross-compiling","4475"
"uicollectionviewcell","4470"
"share","4469"
"linear-algebra","4466"
"umbraco","4461"
"wolfram-mathematica","4457"
"outlook-addin","4457"
"computer-science","4449"
"okhttp","4446"
"intellisense","4442"
"oledb","4441"
"dask","4440"
"dynamics-crm-2011","4434"
"prism","4433"
"ngrx","4430"
"powershell-2.0","4428"
"windows-subsystem-for-linux","4426"
"nfc","4425"
"gnu-make","4424"
"collision-detection","4424"
"primeng","4422"
"spreadsheet","4421"
"youtube-data-api","4420"
"rows","4419"
"innodb","4413"
"internet-explorer-9","4410"
"server-side-rendering","4406"
"alias","4406"
"kotlin-coroutines","4404"
"emulation","4400"
"vlookup","4398"
"gcloud","4396"
"log4j2","4386"
"android-arrayadapter","4383"
"inputstream","4382"
"recaptcha","4381"
"inversion-of-control","4379"
"flutter-web","4374"
"ms-access-2007","4371"
"mouse","4371"
"limit","4370"
"rake","4366"
"proguard","4366"
"wmi","4365"
"function-pointers","4363"
"shapes","4362"
"heatmap","4357"
"addeventlistener","4355"
"swagger-ui","4353"
"decode","4353"
"psycopg2","4351"
"blazor-server-side","4351"
"tesseract","4350"
"aws-cli","4345"
"variable-assignment","4336"
"whitespace","4336"
"openstreetmap","4335"
"middleware","4333"
"bioinformatics","4320"
"enzyme","4320"
"google-analytics-api","4319"
"codeblocks","4312"
"ibm-mq","4310"
"geojson","4307"
"call","4305"
"graph-theory","4302"
"typescript-generics","4298"
"database-migration","4296"
"autofac","4295"
"nan","4290"
"paperclip","4288"
"openapi","4284"
"android-imageview","4273"
"gradient","4271"
"string-formatting","4270"
"laravel-5.3","4266"
"artifactory","4259"
"rdf","4248"
"plpgsql","4245"
"grails-orm","4244"
"kafka-consumer-api","4238"
"sparse-matrix","4236"
"gmail-api","4233"
"vscode-extensions","4227"
"greatest-n-per-group","4224"
"iis-7.5","4223"
"command-prompt","4223"
"karate","4221"
"antlr","4218"
"delay","4215"
"xcode8","4206"
"phonegap-plugins","4204"
"custom-controls","4201"
"tidyr","4200"
"chatbot","4197"
"screen-scraping","4194"
"chromium","4191"
"razor-pages","4190"
"laravel-5.4","4188"
"onclicklistener","4186"
"spring-kafka","4185"
"asp.net-core-2.0","4180"
"payment-gateway","4178"
"stack-overflow","4171"
"python-3.7","4167"
"ios9","4161"
"orientation","4159"
"amazon-cloudwatch","4155"
"wxwidgets","4153"
"filenames","4148"
"qr-code","4148"
"core-animation","4147"
"common-table-expression","4144"
"rx-java2","4140"
"subclass","4137"
"amazon-sqs","4134"
"yarnpkg","4134"
"google-plus","4133"
"accordion","4133"
"asp.net-mvc-routing","4131"
"junit4","4127"
"classloader","4126"
"uiimagepickercontroller","4123"
"cakephp-2.0","4119"
"bundler","4118"
"programming-languages","4117"
"valgrind","4117"
"internet-explorer-7","4116"
"netlogo","4110"
"nsdictionary","4108"
"rvm","4104"
"webclient","4098"
"azure-databricks","4095"
"raspberry-pi3","4094"
"ctypes","4090"
"panel","4086"
"travis-ci","4084"
"window-functions","4082"
"puppet","4080"
"scenekit","4072"
"jsonp","4069"
"wso2-esb","4069"
"jax-ws","4067"
"pixel","4067"
"react-bootstrap","4060"
"z-index","4055"
"md5","4054"
"rdd","4052"
"clipboard","4050"
"exchangewebservices","4045"
"sublimetext2","4042"
"phoenix-framework","4039"
"contacts","4036"
"drools","4035"
"selection","4031"
"naming-conventions","4026"
"probability","4021"
"log4net","4014"
"batch-processing","4013"
"symfony4","4007"
"bind","4006"
"aws-glue","4003"
"cdi","4002"
"access-token","4002"
"facebook-like","3999"
"couchbase","3998"
"cpu-architecture","3996"
"python-multithreading","3995"
"liquid","3995"
"javabeans","3994"
"django-orm","3993"
"symfony1","3991"
"xcode5","3988"
"winrt-xaml","3984"
"autodesk-forge","3982"
"quarkus","3982"
"android-view","3981"
"spotify","3971"
"oracle12c","3970"
"lapply","3969"
"urllib","3960"
"distance","3952"
"xcode7","3952"
"android-permissions","3946"
"entity-framework-5","3942"
"hyperledger","3942"
"mdx","3942"
"media-player","3940"
"padding","3939"
"digital-ocean","3938"
"igraph","3934"
"simplexml","3932"
"facebook-opengraph","3931"
"clr","3930"
"message-queue","3929"
"variadic-templates","3928"
"flex4","3926"
"mean","3925"
"apache-kafka-streams","3924"
"redhat","3924"
"linker-errors","3923"
"opengl-es-2.0","3921"
"unity-container","3920"
"ads","3912"
"azure-logic-apps","3898"
"hadoop-yarn","3897"
"parquet","3891"
"iot","3888"
"cocos2d-x","3886"
"mean-stack","3884"
"antlr4","3877"
"ip-address","3875"
"microsoft-metro","3874"
"reverse-engineering","3872"
"selector","3870"
"ninject","3869"
"replication","3869"
"capistrano","3868"
"terraform-provider-aws","3866"
"game-physics","3864"
"stdin","3861"
"each","3858"
"reshape","3858"
"session-variables","3857"
"pentaho","3854"
"android-relativelayout","3853"
"wkwebview","3852"
"sencha-touch-2","3849"
"kubernetes-ingress","3847"
"complexity-theory","3846"
"data-manipulation","3845"
"manifest","3843"
"wget","3841"
"activex","3837"
"future","3834"
"loading","3827"
"httpresponse","3825"
"router","3818"
"sharepoint-online","3816"
"matlab-figure","3812"
"automatic-ref-counting","3809"
"firemonkey","3809"
"marklogic","3809"
"updates","3806"
"android-canvas","3799"
"sql-server-2016","3794"
"quartz-scheduler","3792"
"game-engine","3791"
"azure-application-insights","3791"
"option-type","3788"
".net-4.5","3775"
"nsuserdefaults","3775"
"reverse","3773"
"elisp","3773"
"atomic","3772"
"tornado","3769"
"gallery","3768"
"sql-injection","3768"
"pyodbc","3768"
"liquibase","3764"
"minecraft","3762"
"afnetworking","3758"
"django-urls","3758"
"ui-automation","3757"
"numpy-ndarray","3757"
"pinvoke","3756"
"inline","3753"
"firebird","3750"
"wicket","3749"
"grand-central-dispatch","3748"
"logistic-regression","3746"
"war","3745"
"openxml","3743"
"spacy","3742"
"marshalling","3730"
"google-cloud-sql","3725"
"margin","3723"
"c#-3.0","3719"
"handler","3718"
"mvvmcross","3717"
"richfaces","3716"
"one-to-many","3715"
"github-api","3713"
"local","3710"
"text-to-speech","3705"
"windows-8.1","3704"
"nokogiri","3699"
"uisearchbar","3698"
"frame","3698"
"executable","3697"
"sql-server-ce","3695"
"apache-kafka-connect","3693"
"reporting","3692"
"system-calls","3690"
"apache-zookeeper","3686"
"random-forest","3684"
"elastic-stack","3683"
"facebook-php-sdk","3679"
"amazon-eks","3675"
"maven-plugin","3670"
"immutability","3670"
"openid","3669"
"excel-2007","3668"
"splash-screen","3668"
"nvidia","3668"
"python-sphinx","3663"
"raster","3658"
"aop","3657"
"microcontroller","3656"
"block","3655"
"background-color","3655"
"web-component","3655"
"angular-routing","3648"
"kubectl","3648"
"avro","3646"
"drupal-6","3646"
"code-generation","3642"
"yocto","3641"
"phpexcel","3639"
"correlation","3638"
"ubuntu-18.04","3638"
"react-testing-library","3635"
"atom-editor","3634"
"uigesturerecognizer","3632"
"paypal-sandbox","3631"
"logback","3631"
"draggable","3630"
"nuget-package","3630"
"ssrs-2012","3624"
"wrapper","3619"
"export-to-excel","3619"
"struts","3606"
"lookup","3604"
"passenger","3603"
"appcelerator","3603"
"office-interop","3602"
"avplayer","3602"
"activeadmin","3600"
"syntax-highlighting","3594"
"mediawiki","3594"
"bit","3593"
"psql","3588"
"game-development","3583"
"open-source","3575"
"toolbar","3572"
"azureservicebus","3572"
"pdfbox","3571"
"biztalk","3571"
"asset-pipeline","3569"
"android-support-library","3568"
"jboss7.x","3567"
"slideshow","3563"
"scatter-plot","3562"
"fxml","3561"
"store","3561"
"materialize","3559"
"powerbi-desktop","3559"
"assets","3549"
"reduce","3548"
"android-spinner","3548"
"rgb","3547"
"use-effect","3547"
"extension-methods","3545"
"richtextbox","3545"
"saml","3545"
"series","3544"
"dropbox","3543"
"sfml","3542"
"draw","3541"
"guava","3540"
"haml","3540"
"google-docs","3539"
"xlsx","3538"
"argparse","3535"
"dynamic-memory-allocation","3532"
"junit5","3531"
"html5-audio","3529"
"alfresco","3529"
"intel","3529"
"infinite-loop","3528"
"gremlin","3522"
"kerberos","3522"
"ienumerable","3522"
"increment","3520"
"transparency","3519"
"benchmarking","3517"
"pyside","3517"
"k-means","3514"
"default","3506"
"redux-toolkit","3505"
"actionlistener","3504"
"header-files","3503"
"jpql","3498"
"lotus-notes","3497"
"symbols","3495"
"visual-studio-2022","3495"
"windows-xp","3492"
"dotnetnuke","3491"
"python-unittest","3490"
"scheduler","3488"
"aws-cdk","3488"
"serverless","3486"
"fullscreen","3484"
"google-maps-android-api-2","3484"
"backgroundworker","3484"
"monads","3481"
"copy-paste","3477"
"acumatica","3477"
"physics","3476"
"xdebug","3472"
"onchange","3467"
"html-agility-pack","3466"
"twisted","3465"
"move","3461"
"footer","3457"
"wait","3454"
"deadlock","3451"
"c++builder","3446"
"plist","3446"
"cs50","3444"
"traits","3441"
"sqlplus","3440"
"amazon-athena","3440"
"font-face","3439"
"eigen","3438"
"powershell-3.0","3438"
"data-cleaning","3430"
"mime-types","3430"
"blazor-webassembly","3430"
"curve-fitting","3428"
"package.json","3428"
"python-3.5","3423"
"jquery-ui-sortable","3423"
"system.reactive","3422"
"setuptools","3420"
"mybatis","3418"
"sublimetext","3417"
"git-bash","3416"
"transformation","3411"
"center","3408"
"declaration","3407"
"aurelia","3402"
"purrr","3401"
"external","3400"
"libraries","3395"
"azure-aks","3395"
"android-adapter","3394"
"ros","3393"
"importerror","3391"
"bdd","3390"
"magento-1.7","3389"
"standards","3387"
"aggregation","3383"
"mern","3381"
"digital-signature","3380"
"payment","3380"
"actions-on-google","3380"
"facebook-login","3373"
"trigonometry","3369"
"amazon-emr","3368"
"clickonce","3364"
"media","3363"
"datetimepicker","3363"
"tweepy","3361"
"x11","3357"
"mathematical-optimization","3356"
"uipickerview","3356"
"recurrent-neural-network","3356"
"apollo-client","3353"
"boxplot","3351"
"sendgrid","3350"
"commit","3350"
"mongoose-schema","3348"
"jsonschema","3348"
"load-testing","3347"
".net-assembly","3347"
"primes","3346"
"release","3345"
"office-addins","3343"
"eclipse-cdt","3342"
"root","3340"
"vpn","3339"
"android-espresso","3335"
"sybase","3333"
"use-state","3329"
"shared-ptr","3323"
"basic-authentication","3320"
"git-merge","3320"
"here-api","3320"
"semaphore","3319"
"spatial","3312"
"desktop-application","3311"
"arkit","3311"
"publish","3310"
"zeromq","3306"
"stanford-nlp","3304"
"aspectj","3304"
"android-custom-view","3300"
"system-verilog","3298"
"tfsbuild","3292"
"box2d","3289"
"slf4j","3285"
"react-props","3283"
"spring-data-mongodb","3281"
"actionbarsherlock","3281"
"updatepanel","3281"
"deep-linking","3278"
"cloud-foundry","3276"
"abap","3276"
"bufferedreader","3275"
"hook-woocommerce","3266"
"regex-lookarounds","3265"
"jlabel","3264"
"connection-pooling","3263"
"interrupt","3261"
"httpurlconnection","3261"
"transpose","3257"
"asp.net-membership","3256"
"webpack-dev-server","3256"
"custom-post-type","3254"
"vertical-alignment","3252"
"mstest","3252"
"grammar","3251"
"vmware","3250"
"windows-mobile","3249"
"perforce","3247"
"blender","3246"
"lwjgl","3245"
"wso2-api-manager","3244"
"mod-wsgi","3241"
"uuid","3237"
"prisma","3236"
"tls1.2","3235"
"multilingual","3229"
"geocoding","3226"
"watchkit","3223"
"slack","3220"
"git-branch","3220"
"gtk3","3219"
"jpa-2.0","3218"
"hibernate-mapping","3217"
"mamp","3215"
"indentation","3215"
"guice","3211"
"quicksort","3211"
"entity-framework-migrations","3211"
"forms-authentication","3208"
"edit","3207"
"android-constraintlayout","3207"
"android-contentprovider","3206"
"key-value","3201"
"glob","3201"
"normalization","3199"
"bazel","3196"
"cart","3190"
"turtle-graphics","3188"
"gif","3188"
"require","3188"
"sleep","3187"
"libcurl","3187"
"mysql-python","3186"
"multer","3186"
"flink-streaming","3185"
"visibility","3181"
"destructor","3176"
"sql-like","3176"
"background-process","3176"
"x509certificate","3174"
"associative-array","3174"
"factory","3171"
"repository-pattern","3171"
"project-reactor","3171"
"encode","3168"
"spring-security-oauth2","3166"
"bower","3166"
"docker-swarm","3165"
"dagger-2","3161"
"react-native-ios","3161"
"repeat","3161"
"swift5","3158"
"nested-lists","3155"
"virtual","3155"
"equals","3150"
"thumbnails","3149"
"azure-service-fabric","3148"
"xunit","3147"
"codeigniter-2","3146"
"visual-studio-2005","3144"
"array-formulas","3140"
"coronasdk","3139"
"distribution","3139"
"partitioning","3138"
"web-hosting","3135"
"shared-memory","3133"
"expandablelistview","3131"
"crop","3129"
"datetime-format","3123"
"google-forms","3122"
"versioning","3122"
"app-config","3121"
"nexus","3121"
"nest","3119"
"compiler-optimization","3117"
"presto","3114"
"virtualhost","3113"
"android-toolbar","3112"
"nsurlconnection","3110"
"ember-cli","3109"
"cloudflare","3109"
"auth0","3108"
"doxygen","3108"
"bouncycastle","3108"
"angularfire2","3107"
"git-submodules","3102"
"collision","3094"
"data-mining","3094"
"compact-framework","3094"
"microsoft-dynamics","3093"
"delphi-7","3088"
"openstack","3088"
"remote-access","3085"
"typedef","3083"
"core-location","3083"
"sql-delete","3082"
"form-submit","3076"
"flash-builder","3076"
"crm","3074"
"jndi","3073"
"file-permissions","3073"
"p5.js","3071"
"mp4","3069"
"whatsapp","3065"
"python-itertools","3065"
"android-source","3064"
"swig","3063"
"barcode","3063"
"freemarker","3061"
".net-5","3059"
"na","3057"
"serverless-framework","3050"
"smartcontracts","3050"
"uwp-xaml","3049"
"magento-1.9","3045"
"dashboard","3042"
"facebook-fql","3041"
"data-modeling","3039"
"userform","3038"
"bitwise-operators","3037"
"e2e-testing","3036"
"cdn","3035"
"weka","3033"
"data-annotations","3030"
"roles","3030"
"wireshark","3029"
"windows-authentication","3028"
"gitlab-ci-runner","3028"
"carrierwave","3028"
"video-processing","3028"
"filepath","3027"
"firewall","3022"
"docx","3020"
"moodle","3019"
"offset","3019"
"xib","3016"
"sharepoint-2007","3016"
"nio","3015"
"wav","3013"
"min","3013"
"android-xml","3013"
"crashlytics","3012"
"rcpp","3011"
"multi-tenant","3009"
"axis","3009"
"wear-os","3009"
"contains","3008"
"pie-chart","3007"
"saml-2.0","3007"
"delimiter","3001"